media_id,label_result
1660509_299437536870993_40006814_n,hair  clothing  underpants  undergarment  lingerie  brassiere  photography  supermodel  gravure idol  long hair  hairstyle  brown hair  photo shoot  swimwear  model  leg  thigh  hand  abdomen  finger
926600_563901737031146_359078954_n,poster  album cover  illustration
914614_1468749153339628_1394524814_n,text  font  line  brand  shape  document  presentation  writing
1662778_242412515941512_219425347_n,car  vehicle  automotive exterior  bumper  automobile make  open wheel car  race car  supercar
1171956_1422723714610982_9312264_n,text  font  line  biology  shape  brand  document  presentation
10009850_688279311232828_1219650263_n,human action  person  blond  finger  photography  brown hair  mouth  arm  leg  selfie  long hair  hand  thigh  thumb  neck  sense  undergarment  camgirl  lingerie  human body
1515979_701509723221163_2109555310_n,text  font  ecosystem  biology  product  line  energy  diagram  brand  shape  presentation  document
1389887_492617120845935_1437429898_n,fish  vertebrate  cod  fish  milkfish
926582_545421502207224_1680312966_n,player  gridiron football  clothing  protective equipment in gridiron football  ice hockey position  football equipment and supplies  american football  helmet  football helmet  hockey protective equipment  tackle  sports equipment  personal protective equipment  face mask  soccer  goaltender mask  sports  racing
1169209_530276387062395_415735711_n,player  football player  kick
891398_775825299114494_1309032842_n,font  product  picture frame  brand  drawing  pattern  symbol
927938_278465882313897_2134844553_n,people  person  man  senior citizen  ceremony  family  interaction
1389357_600346420015093_450943783_n,clothing  font  product  pattern  art  design  brand  t shirt
925710_207514309437748_19924822_n,black  black and white  photograph  person  man  photography  human positions  male  monochrome photography  monochrome  glasses  portrait
1516669_400226640080891_2139399738_n,computer keyboard  technology  electronic device  laptop  multimedia  laptop replacement keyboard  musical keyboard
10311298_641965962552174_949833880_n,news conference  speech
10431988_250172868507421_451400460_n,player
927284_1404761216471489_1993725347_n,face  hair  clothing  red  image  man  male  cap  head  hairstyle  muscle  facial hair  selfie  portrait  headgear
1171919_610098042384117_376463511_n,image  painting
927564_373922389417518_1035471138_n,skin  label  breakfast  food  flavor  cream  dessert
1168705_564520896957412_1720064881_n,human positions  sitting  wheelchair  child
1390113_726182400742649_1502525608_n,atmosphere of earth  flight  vehicle  aviation  infrastructure  shape
1172285_396290927169517_537205342_n,
1515274_196658537189781_1181589258_n,people  album cover  brand  presentation
10358386_326181054196942_1202631568_n,clothing  blue  art  illustration  cap  drawing
1597485_1383119675286097_961721833_n,black and white  person  image  monochrome photography  monochrome  facial hair
1390290_543174472438018_563294705_n,black and white  street  soldier  monochrome photography
1389037_599939430084273_802079583_n,ecosystem  map  biology  biome
1388912_597814520257208_1708742253_n,t shirt  white  clothing  sleeve  product  font  sleeveless shirt  outerwear  brand  baby & toddler clothing
1171653_600326050032056_1584367582_n,text  font  line  product  diagram  brand  shape  document  presentation
1662663_197517530447132_804013328_n,tattoo  arm  tattoo artist  human body  chest
10387957_270465406472370_1939076900_n,car  vehicle  automotive design  automotive exterior  race car  automobile make  luxury vehicle  race track  auto show  sports car  supercar  racing  race
1515370_252762431555303_681816089_n,surfing  sports  water sport  wave  wind wave  boardsport  surface water sports  ocean  sea  surfboard  extreme sport  surfing equipment and supplies  boating  bodyboarding  individual sports
916400_662653540443470_1054651516_n,facial expression  clothing  girl  lady  beauty  smile  fashion  model  glasses  photo shoot
10296699_702824743094169_1458179602_n,people  disciple
1598945_258112354357911_1627289123_n,art  circle  pattern  shape
1661532_658002327578731_1290687546_n,phenomenon  weather  screenshot
1527509_719848974715529_890016726_n,human action  clothing  image  muscle  finger  arm  selfie  abdomen  hand  sense  human body  trunk  thumb  chest
10299709_457401251028857_424208545_n,text  font  biology  advertising  brand  presentation
924895_1472369466320095_1947180755_n,hair  cartoon  facial hair  hairstyle  moustache  brand  beard  cap
10005552_221112831420406_1085950845_n,human action  face  nose  eating  head  mouth  finger  play  hairstyle  organ  eye  toddler  ear  hand  sense  human body  tooth  food
10254112_1459109644325816_32588185_n,cat  mammal  vertebrate  cat like mammal  small to medium sized cats  kitten
1389004_1416425388587288_2027689615_n,text  font  album cover  presentation  religion
10362096_1504933896393161_620858173_n,clothing  undergarment  lingerie
891294_247821865377685_487870349_n,brand
10261135_751736724867286_1874545096_n,color  human action  face  photograph  nose  person  image  man  male  skin  mouth  head  close up  organ  hand  back  sense  eye  emotion  interaction
925435_1402325123343601_2045663447_n,poster  album cover  gentleman
1740195_504553986326247_884692811_n,face  hair  nose  hairstyle  head  organ  album cover  eye
928454_430148623754749_1185802796_n,hair  clothing  close up  mouth  black hair  blond  leg  muscle  brown hair  arm  long hair  finger  organ  thigh  neck  hand  sense  human body  interaction  chest
10261155_721968734522283_1377029727_n,advertising  album cover  brand  presentation
1389545_438421506259756_556080581_n,people  player  structure  sport venue  stadium
923901_1413573132206516_215988515_n,face  facial expression  hair  nose  person  image  facial hair  man  smile  head  mouth  beard  organ  emotion  eye  human body  selfie
1208285_285888641562846_683236650_n,text  human action  font  biology  brand  emotion  line  presentation
1660724_274606399363293_486604578_n,invertebrate  biology  organism  insect
1169159_589915357722477_269298698_n,gridiron football  canadian football  american football  player  tackle  football player  soccer  sports  arena football  stadium
10358329_704915392900508_1031759868_n,text  font  web page  product  line  brand  document  presentation
1661255_202461743295475_1234051455_n,basketball moves  audience  cheering
10011208_296938490463456_90618295_n,surfing  wind wave  sports  water sport  wave  boardsport  surfboard  surface water sports  ocean  surfing equipment and supplies  individual sports  extreme sport  bodyboarding  sea
1690150_299602373522156_858174095_n,tattoo  arm  art  tattoo artist  human body  chest
10311037_1446508172260788_735350327_n,football player  player  muscle  hairstyle  brand
1170985_183101875214360_545100313_n,person  image  abbot  military officer  facial hair  portrait  profession  clergy
1661645_513195878795277_1507950503_n,organ  eye  brand  human body  material
926018_1429260727308718_1121502784_n,product  advertising  brand  material  presentation
1538474_211754959015678_1671694738_n,car  vehicle  land vehicle  mid size car  sedan  cadillac  automobile make  executive car  cadillac cts  cadillac xts  automotive exterior  luxury vehicle
1516022_455147581280447_137198311_n,product  brand  window  presentation  glass
1737537_1399294860331773_374424107_n,team  youth
925818_821935197834364_477198161_n,red carpet  flooring  carpet  gown
10362106_1415451942073170_239263977_n,color  text  purple  font  eye  organ  circle  magenta  human body
1799831_656868084377740_241128228_n,bird  fashion accessory  wing  textile  material
916460_449454405157926_1107261838_n,color  red  text  pink  orange  font  petal  circle  texture  shape  line  magenta
1389402_697493506942657_172625543_n,font  advertising  brand  label
1169955_1375482746052063_1647468046_n,screenshot
918138_494727297307489_1706281382_n,text  line  font  shape  brand  document  diagram  presentation
925850_1455920524649822_1918351363_n,human action  red  hair  person  woman  lady  girl  mouth  leg  emotion  hand  interaction  singing  photo shoot
1389386_370286789772599_408218861_n,clothing  cap  fashion accessory  moustache  beanie  outerwear  hood  knit cap  pattern  hat  headgear
928257_241392049400674_893111123_n,
927814_606163999454303_1818468910_n,clothing  fur  head  hat  cap  fur clothing  fashion accessory  textile  portrait  headgear
10311120_271218966383338_56429841_n,car  vehicle  land vehicle  pickup truck  chevrolet silverado  automotive exterior  automobile make  truck  sport utility vehicle  compact sport utility vehicle  luxury vehicle  bumper  chevrolet  chevrolet suburban
1171756_239768032849634_948902645_n,eyewear  black  white  black and white  glasses  sunglasses  vision care  photography  head  monochrome  close up  monochrome photography  organ  eye  sense  cool  human body  portrait  ear
1515270_265936636899118_992542820_n,face  tattoo  arm  head  tattoo artist  muscle  human body  chest
1922054_273286282839460_1415491943_n,player  basketball moves  chinese martial arts
914703_878545345505746_1374299063_n,social group  musician
1169195_453374038096063_1442160035_n,poster  cartoon  album cover  font  art  comics  illustration  advertising  drawing
10401599_1421812511424454_1880566571_n,car  vehicle  land vehicle  off road racing  pickup truck  automotive exterior  truck  wheel  automobile make  off roading  compact sport utility vehicle  bumper  truck bed part
1172935_254252704729924_2106147225_n,gridiron football  player  football player  baseball positions  american football  sports  tackle  soccer  football equipment and supplies
1941270_1466155640263643_633559119_n,text  cartoon  font  brand  label  advertising  presentation
1516380_717480988307916_1423925315_n,play
925847_457379357698314_1360750256_n,facial hair  music  beard  singing  album cover
927810_1450797435139079_1422271823_n,hair  human action  hairstyle  interaction  kiss  romance  selfie
927603_650839411631049_1933562954_n,human action  face  nose  head  brand  sense  presentation  writing
1208428_1416297488600408_262254042_n,performance  rock concert  concert  performing arts  crowd  entertainment  music  stage  event  nightclub  audience  musical theatre
10013261_835633826453813_1101178793_n,clothing  dress  beauty  leg  fashion  thigh  supermodel  model  photo shoot  physical fitness  abdomen
10254076_303391366480580_913492142_n,t shirt  white  clothing  sleeve  font  jersey  sports fan jersey  sportswear  active shirt  brand
10413772_725771990797276_919025908_n,structure  room  gym  sport venue  muscle  indoor cycling  arm  chest  biceps curl  leg extension
10326639_1435265656730406_668203535_n,text  font  biology
1209674_1381187138797152_1632681709_n,person  face  hairstyle  professional  profession
1169781_250559088401844_345279367_n,face  clothing  nose  head  fashion accessory  organ  hair accessory  ear  vision care  eye  human body
1516187_580120925396133_1790486555_n,road  street  town  urban area  cityscape  city  neighbourhood  metropolis  human settlement  residential area  downtown  infrastructure
1516859_1477454675814277_638226316_n,
1516429_226144220899006_1371762085_n,image
924175_458330964272888_1032190931_n,color  black  white  blue  hand
10296689_687417917991015_129205391_n,cycling  team  endurance sports  race  sports  endurance  duathlon
1168699_706580216019837_423514141_n,car  vehicle  land vehicle  luxury vehicle  automotive design  automotive exterior  sports car  rolls royce  wheel  automobile make  rolls royce wraith  vehicle registration plate  supercar  bumper  sedan  rolls royce phantom  auto show
1169086_447647495336447_1083802128_n,clothing  photo shoot  romance
927808_639360742771453_1463168063_n,text  cartoon  organ  shape  circle  human body
1389029_258976450918675_1997930598_n,text  font  advertising  poster
1389477_1433902156833845_1960108895_n,player  football player  basketball player  sports  tennis player  soccer player  soccer
10831967_858035700884100_1742695581_n,hair  face  nose  cheek  lip  hairstyle  mouth  head  moustache  selfie  organ  facial hair  eye  neck
1738518_594617987287335_578518497_n,text  font  line  brand  shape  presentation
1390297_587398284659224_814894027_n,player  football player  gridiron football  american football  sports  soccer  baseball positions  football equipment and supplies
924905_500454153399041_843341022_n,person
1389658_1377194012528143_692430599_n,sports  advertising  wrestling
917887_556410617809719_476604205_n,text  product  font  line  brand  shape  document
10413798_321254004732321_370989405_n,hair  human hair color  facial expression  face  human action  nose  red  person  smile  mouth  hairstyle  blond  lip  head  skin  brown hair  organ  eye  selfie  glasses
1530861_236242536554916_1966493831_n,people
1723818_1456903694522404_212751644_n,poster  painting  modern art  illustration  drawing  album cover  sketch
10449040_1419836194968150_732873665_n,light  night  darkness  lighting  distilled beverage  fire
1527645_1397529487191960_658479475_n,
10269026_311835732302708_2073751039_n,photograph  black and white  image  monochrome photography  monochrome
1725687_720109711356684_765842261_n,human action  person  muscle  arm  physical fitness  physical exercise
1169049_617430148280191_1459922200_n,machine  screenshot  games
1739320_809544209062602_1329586148_n,wrestling  sports  professional wrestling  shoot boxing  combat sport  contact sport  professional boxing  wrestler  puroresu  muay thai  individual sports
1922389_482341138539250_585886664_n,freestyle motocross  basketball moves  bicycle motocross  freestyle bmx  motocross  festival  slam dunk
914667_271418313040113_1314561512_n,art  fashion
1391288_1410465059185799_1384632525_n,text  cartoon  product  brand  presentation
925470_215970795279518_646083779_n,poster  advertising  album cover  font  comic book  illustration
1389651_702849809734180_1906257638_n,clothing  image  person  woman  lady  girl  skin  arm  dress  costume
10349736_497106697084972_1196249487_n,human action  product  arm  brand  hand  sense  finger  human body
10358449_903358233023103_1354100877_n,text  logo  font  product  brand  line  artwork
927207_705050082851347_535488451_n,skateboarding  sports  outdoor recreation  boardsport  floor  recreation
1739053_363162400493574_1144943258_n,car  vehicle  land vehicle  sport utility vehicle  automotive exterior  automobile make  wheel  compact sport utility vehicle  bumper  off road vehicle  hummer h2  rim  jeep
10175352_1472218403010532_1202370140_n,hair  face  nose  black hair  hairstyle  brown hair  long hair  head  supermodel  photo shoot  gown  model  brassiere  chest
10299852_575662352532459_1373946788_n,room  bed sheet  bed  interior design  furniture  textile  material  suite
10268863_1600805746810269_354747193_n,boardsport  wakeboarding  sports equipment  sports  snowboarding  extreme sport  skateboarding
1170252_239536466210926_654509718_n,player  person  football player  soccer  official  tackle  soccer player  profession
10413929_461223187314494_230334060_n,illustration  modern art
10354282_1452668214977069_546590911_n,facial expression  face  nose  person  photography  smile  mouth  head  hairstyle  selfie  organ  emotion  eye  laughter  finger
10296663_492601384204235_278892476_n,jewellery  fashion accessory  shape  circle  silver  gemstone
10175379_695525507187573_1401250713_n,human action  sports  advertising  extreme sport  jumping
1389432_246961128795824_1906605402_n,food  produce  plant  land plant  fruit  vegetable  flowering plant
917516_493477770761472_1916499031_n,text  font  web page  line  brand  shape  presentation  diagram
10299639_1447680025479092_198124916_n,text  font  album cover  biology  organ  poster  human body
927638_679656968757477_2041820609_n,footwear  blue  shoe  art
1971489_660544923982737_1541619207_n,text  font  line  handwriting  shape  document
1922066_1466218206935609_58377643_n,human action  physical fitness  sports
1516334_239947422842811_1713475211_n,hair  clothing  beauty  hairstyle  head  portrait  long hair  photo shoot  portrait photography  veil  model  sketch  drawing
1516181_137033766466962_1794982942_n,lighting
10358242_649111765170430_1246045773_n,skin  leg  floor  arm  flooring  finger  nail  hand  brand  human body  tile  cosmetics
926057_1444463979105341_1739722211_n,vehicle  airline  car  luxury vehicle  automotive exterior  aircraft cabin  aircraft  aviation
10311306_777469975605781_151046914_n,sports  structure  team sport  gridiron football  sport venue  american football  athletics  race track  stadium
10472063_243161512547349_1489897310_n,dog  mammal  dog breed  vertebrate  maltese  morkie  dog like mammal  dog breed group  west highland white terrier  puppy  schnoodle  terrier  cairn terrier  bichon
1168554_246065342225527_34573263_n,clothing  footwear  arm  leg  thigh  human body  photo shoot  trousers  abdomen
1516836_330669647071463_1735103527_n,text  line  font  shape  brand  document  diagram  presentation
929377_441890955912387_37965014_n,album cover  picture frame  brand  advertising
1173237_446260588811887_411111906_n,clothing  image  protective equipment in gridiron football  football equipment and supplies  football helmet  personal protective equipment  helmet  goaltender mask  machine
10354426_1425028374429480_1217668897_n,hair  human action  face  nose  person  photography  man  hairstyle  male  head  facial hair  selfie  emotion  lip  ear  interaction  singer  eye
10296955_664804956906361_1113679494_n,baseball positions  football player  player
10004336_369587869846437_680623576_n,barechestedness  muscle  male  arm  bodybuilding  finger  wrestler  organ  leg  hand  sense  abdomen  human body  trunk  chest  biceps curl
10011322_1443442422564816_400433954_n,text  product  line  brand  shape
914696_1487146338183627_1679435111_n,food  dish  hamburger  meal  grilling  fast food  sandwich  produce  meat  veggie burger  lunch  cheeseburger  breakfast  french fries  junk food  cuisine
10261113_388461601292376_512956735_n,text  font  handwriting  writing  document  brand  line
10296725_1427502467503047_1953521613_n,car  off road racing  vehicle  mud  off roading  automobile make  off road vehicle  sport utility vehicle  material  jeep  military vehicle
10354450_317467561737544_876628865_n,fruit  food  ananas  pineapple  produce  plant  bromeliaceae  land plant  flowering plant
10424436_788995391140854_934363475_n,person  black and white  monochrome photography  emotion
1599978_1377569672513215_1225055741_n,wall  floor  flooring  roof  net  wood  outdoor structure  material
1971544_427776140658912_1241852252_n,text  product  font  line  diagram  document  brand  shape  presentation
10249318_1407581546187029_1640486694_n,gridiron football  sports  american football  player  soccer  tournament  competition event
1741448_230387090418216_1883710211_n,hair  t shirt  clothing  hairstyle  moustache
10249346_291684247658204_1290951823_n,hair  clothing  cap  hairstyle  hat  fashion accessory  pattern  headgear  knit cap
914672_1446108188965586_698718793_n,human action  product  brand  learning  presentation
928519_1501851996693925_685394285_n,clothing  arm  automotive exterior  tights  leg  car seat  spandex  material
1170137_280389085456234_1530790543_n,toy  art  action figure
926918_1386117688312255_2125679534_n,flower arranging  flower  flora  floristry  plant  art  floral design  flower bouquet  aquarium  still life
925691_1448572695369031_1121578965_n,flower  spring  food  sweetness  flavor
1169730_382088638602981_287009292_n,text  font  line  brand  screenshot  shape  presentation
926638_238767106285294_1772338059_n,selfie
1389503_259694494183416_1423863421_n,performance  rock concert  concert  performing arts  music  entertainment  musician  performance art  guitarist  bassist  stage  musical theatre  singing
1516410_190567247815434_8515709_n,brand  photo shoot
927222_477968458978767_301301678_n,screenshot
10005700_1408550946076473_1395433270_n,text  line  font  shape  brand  document  presentation  diagram
1516581_1433088896908869_1482219795_n,text  black and white  image  album cover  monochrome photography  sense  hand  presentation
10369313_1421141298161531_1414989271_n,sports  skateboarding  extreme sport  bicycle motocross  skateboarding equipment and supplies  skateboard  boardsport
10401799_654307461321957_1265006542_n,font  product  flooring  technology  brand  document  electronics accessory  presentation  line
1738180_454695894657001_809570516_n,black  black and white  monochrome  monochrome photography  art  sketch  drawing  illustration
1391396_169945443205101_96946195_n,gridiron football  player  football player  canadian football  american football  structure  tackle  sports  soccer  sport venue  stadium  touchdown  kick  ball  games
10175089_240349312819846_1894270623_n,nightclub  bar  stage  club  music venue
926315_207818292741504_264105375_n,musical theatre
1740780_464061947050551_1996482728_n,skyline  cityscape  city  night  human settlement  metropolis  evening  metropolitan area  skyscraper  panorama  dusk
1171795_1438004069761694_1615507731_n,human action  facial expression  face  person  people  image  nose  photography  smile  head  selfie  organ  photobombing
10175178_543605019085412_863167172_n,tattoo  arm  pattern  human body  chest
1169953_359446750863559_1638007874_n,text  font  biology  album cover  presentation
1169923_570550483034565_101830954_n,facial expression  human action  face  person  people  nose  photography  smile  head  mouth  organ  selfie  emotion  laughter  eye  human body  interaction
1737792_1440791242823059_724186269_n,clothing  t shirt  sleeve  outerwear  brand
1172599_775254382499266_1960902036_n,barechestedness  people  muscle  spring break  pride parade  festival
1527743_220326324818145_1689011936_n,people  fashion  audience  musical theatre
10011220_427610860718700_758011129_n,community  brand  presentation
918145_609376705810247_152320770_n,social group  musician  team  music  stage  singing
1388998_585193614868498_1163822098_n,text  font  product  diagram  line  brand  web page  shape  document  presentation
1169068_466704850105709_1739791804_n,human action  advertising  presentation
926308_615442611848289_1512529326_n,player  gridiron football  football player  team  american football  youth  soccer  sports
925675_681461335206902_77935136_n,hair  person  clothing  man  male  muscle  selfie  finger
1742216_144825105687698_1636507423_n,hair  clothing  beauty  hairstyle  portrait  portrait photography  fashion  photo shoot  model
1168678_1418773581687481_193706187_n,performance  stage  amusement park  musical theatre  circus  amusement ride
1889121_335984109867081_1898940118_n,currency  cash  money  font  banknote  vehicle registration plate  label  paper  dollar
10413217_680103225377704_984412210_n,t shirt  clothing  black  sleeve  outerwear  product  font  sports uniform  sleeveless shirt  shirt  brand  sportswear
1742527_644617285598444_1911699364_n,poster  advertising  brand
1739996_206611502872013_809118095_n,text  font  line  shape  brand  diagram  document  presentation
914668_1443989212508571_1102155566_n,hair  facial hair  beard  eyewear  glasses  vision care  hairstyle  moustache  sunglasses
924204_251210268370007_559222191_n,people  performance  music  musical theatre  disco
1168924_539113682843970_2028698962_n,photograph  image  photography  man  male  muscle  arm  model  photo shoot
1390338_177509089112694_1680876681_n,football player  player  basketball moves  touchdown  sports  tackle
10431947_267558480098106_991355255_n,color  wall  font  art  shape  number
10362141_520958144682614_493363073_n,human action  person  active undergarment  room  thigh  muscle  arm  selfie  sport venue  finger  leg  abdomen  hand  trunk  human body  physical fitness  chest  biceps curl
1390069_181588782042101_598359572_n,text  font  logo  brand  screenshot  computer wallpaper  presentation
1171954_588637377838716_674275089_n,car  vehicle  land vehicle  motor vehicle  vintage car  antique car  automotive design  luxury vehicle  automobile make  race car  sports car  touring car  classic
926775_776939589006825_2112050716_n,text  font  advertising  brand  screenshot  sense  presentation
1389226_1394752180765832_1805174578_n,hair  phenomenon  face  facial hair
10005144_618865778191682_1809818143_n,photograph  image  people  photography  nightclub  music  club  disco  selfie  interaction
1688472_615443021857511_2058906236_n,tattoo  arm  tattoo artist  hand
1941085_1404913099764228_1907784447_n,car  transport  vehicle  automotive exterior  automobile make  luxury vehicle  bumper  parking
1530789_426808970780663_1340710744_n,clothing  human positions  leg  thigh  footwear  arm  muscle  photo shoot  supermodel  model  human body  abdomen
927948_867173026631796_507052389_n,image  man  facial hair  album cover  selfie
1169262_208793199306079_2105754549_n,text  font  biology  brand  line  presentation
1598667_423131804484296_192965196_n,arm  tattoo  muscle  organ  leg  sense  hand  thigh  human body  chest
926329_575228365893298_739531824_n,black  white  black and white  person  photography  man  male  monochrome photography  monochrome  hairstyle  portrait  portrait photography  model
10401754_1453927538184145_1747169333_n,clothing  footwear  fashion  spring  photo shoot  album cover  gentleman  model  outerwear
1516648_447509628711231_80185113_n,text  product  font  line  diagram  brand  shape  document  presentation
10251442_501345106655149_531613933_n,facial hair  album cover
1530901_473746522737071_1428363563_n,sports  sport venue  basketball moves  stadium
10012427_581888701918830_1094737281_n,human action  face  person  nose  head  mouth  sense  neck  interaction  learning  presentation  ear
10009380_1489564954596443_1157419528_n,face  cartoon  head  comics  brand  illustration  fiction  presentation
10311234_1433534563570356_635679219_n,gridiron football  player  american football  tackle  football player  sports  canadian football  soccer  arena football  team  touchdown
10299914_870735769607350_373164323_n,blue  balloon  christmas  event
10013050_1400922496848446_342452095_n,photograph  black and white  photography  album cover  monochrome photography  eyewear  moustache  brand  gentleman
1208176_169593463246088_373142659_n,person  muscle
1172613_186404771552509_1267796009_n,cartoon  horse  font  product  horse like mammal  illustration
1389403_609530442442568_23018615_n,photograph  person  image  photography  lady  beauty  portrait
10354360_571441649638482_1516991877_n,
10817545_846022215419420_1109111435_n,text  document  brand  presentation
1390065_1430006787220957_989711862_n,person  image  facial hair  selfie
10254154_1599384810286531_940805560_n,person  man  head  emotion  portrait  interaction
1389528_169549923239856_1390414284_n,black and white  black  photograph  people  person  man  monochrome photography  monochrome  street
925101_433431360118943_1398276830_n,photograph  black  fashion  design
914322_778197395557822_1034932934_n,landmark  building  place of worship  screenshot  tours
10375852_1494162107465280_68130116_n,music  album cover
10012586_1432102567037061_1908311139_n,arm  muscle  organ  sense  hand  human body  chest
1208247_1429269117294317_2075456298_n,performance  musician  concert  performing arts  music  entertainment  stage  musical ensemble  musical theatre  orchestra
1171804_289788907813086_200392782_n,asphalt  driving
1741858_560278910734942_1256928184_n,clothing  photography  sleeve  dress  gown  photo shoot  blouse  outerwear  textile
10005211_1395367084075039_969197832_n,blue  sea  ocean  arctic
1170636_1409301972640190_2103914932_n,youth  community  education  learning  class
1517276_1445834789003950_218565616_n,people  spring break
1738991_1420509894858026_835664129_n,hair  human hair color  hairstyle  blond  long hair  hair coloring  ringlet  chignon  bun
927341_1440471976217394_291676694_n,text  font  brand  advertising  presentation  banner
1530893_758946500802132_489141389_n,player  football player  sports  soccer  gridiron football  tackle  baseball positions  american football  touchdown
10431967_701685753226556_1346517625_n,bird  perching bird
1208257_453059944804049_11057757_n,clothing  photography  product  tights  t shirt  selfie  photo shoot  neck  trousers
1538451_416822115118304_1111622395_n,food  dish  cup  meal  breakfast  dessert  coffee cup  snack food  baking  flavor
1389538_555769081159633_1673485659_n,landform  geographical feature  sea cave  fjord  bay  formation  cliff
10004078_476113402517719_2081243401_n,head  art  carving  drawing  sketch  tattoo artist
10004101_1458998557665555_1632188059_n,muscle  arm  sense  photo shoot
1737479_211669795697778_631434959_n,dog  mammal  animal shelter  dog crate  dog like mammal  cage
1527746_980004008708196_255089155_n,yellow  food  produce  land plant  flowering plant
10499113_533686320087041_2024402797_n,text  product  line  brand  shape  document
1598678_1569133416645235_1954726721_n,people  photomontage  collage  art  picture frame  album cover  presentation
10354478_678314358871829_523314696_n,person  muscle  brand  sense  presentation
925079_551585701583220_424839041_n,social group  crowd  musician
10175265_700220396688229_340786007_n,car  photograph  image  vehicle
918161_676570549073499_196491648_n,text  font  brand  shape  line  presentation
1941148_741416405868677_2136737106_n,eyebrow  face  hair  cheek  person  forehead  nose  beauty  tattoo  hairstyle  head  skin  arm  mouth  lip  organ  hand  ear  finger  eye
1388805_596750810361368_755717937_n,clothing  cartoon  album cover  cap  brand
1742524_396433283835635_794658483_n,blue  performance
10004259_688022681258066_152979892_n,face  eyelash  brown  eye  organ  vision care  eyelash extensions  cosmetics  human body  advertising
927967_462124293933336_2114656754_n,human action  human positions  sitting  furniture  physical fitness  table
1742629_300323046790513_1506019645_n,sport venue  stadium  advertising  sign  race
925978_778249675524874_587548396_n,gridiron football  player  person  american football  football player  sports  soccer  tackle  baseball positions  official
1516067_1442464575967570_175158239_n,clothing  fashion accessory  cap  head  hair accessory  hairstyle  headpiece  headgear  veil  hat
10475062_1447739058815830_340350674_n,player  football player  sports  soccer  tackle  soccer player  kick  ball  ball
914561_195564313977502_1753067412_n,display device  signage  television  computer monitor  multimedia  personal computer  technology  flat panel display  electronic signage
1538572_615972861784052_1315362739_n,food  dish  produce  cuisine  meal  salad  breakfast  vegetable  meat  vegetarian food  flowering plant
10387811_644849092256588_1145595098_n,people  vehicle  street  pedestrian  police officer  police  bicycle
10369340_1436158553300890_225167435_n,t shirt  white  clothing  sleeve  neck  arm  brand  blouse  outerwear  pocket
1516424_197630157094708_126537769_n,dog  mammal  vertebrate  nose  dog like mammal  puppy  toy  golden retriever
1172829_601882696535794_439937712_n,art  demonstration  protest
10296970_665996386825813_1804463386_n,person  image  man  male  facial hair  musician  beard  portrait
925404_543771499034836_22630565_n,color  hair  face  nose  person  image  facial hair  beard  hairstyle  head  mouth  organ  moustache  selfie  hand  singing  glasses
10448894_1430902347183030_1826847481_n,human action  hair  face  person  nose  image  man  male  hairstyle  head  interaction  facial hair
1517186_759381057424929_1312238766_n,player  advertising  brand  football equipment and supplies  football autographed paraphernalia  basketball moves
917852_1496705703882761_1725163389_n,text  font  product  line  diagram  brand  shape  document  presentation
1515729_429508260510068_693592688_n,poster  advertising
10251483_676022505819496_1340207400_n,player  baseball positions  football player  sports  ball game  ice hockey position
1736848_411080539023262_1002888952_n,text  line  font  web page  shape  brand  diagram  presentation  document
10296722_781621411857588_2122855206_n,blue  sculpture  male  statue  muscle  art  monument  fictional character
1389471_602964263072447_880865412_n,footwear  black  shoe  purple  sneakers  athletic shoe  ball
1516729_1426985864200208_264628605_n,comic book  brand  illustration
926163_238475999609544_818091359_n,professional wrestling  sports  wrestler  wrestling
10362176_283411231829865_1408185614_n,text  web page  line  document  font  brand  shape  presentation
10246199_1417152111885172_2144824209_n,face  eyebrow  nose  beauty  eyelash  head  eye  skin  lip  organ
1172429_1381011988786123_1563717132_n,social group  people  youth
916965_204586186411791_1166599881_n,color  face  image  photography  beauty  head  picture frame  art  organ  eye  portrait  selfie
10249390_519396894826857_81047635_n,person  man  male  head  facial hair
10254257_273032202869785_1941825774_n,blue  black  image  art  shape  sculpture
1688252_1522032371354674_633347306_n,structure  geographical feature  stadium  baseball park  soccer specific stadium  sport venue  baseball field  night  atmosphere of earth  arena
1538395_1401022556814114_1142301387_n,car  vehicle  automotive design  automobile make  snow
925421_1457991194421908_1944967000_n,structure  boxing ring  sport venue  sports  trampolining  gymnastics
1388912_374608822685753_569746755_n,gridiron football  american football  player  football player  tackle  protective equipment in gridiron football  football equipment and supplies  baseball positions  soccer  sports  football helmet  canadian football  ice hockey position  face mask  ball
10311248_299841730178304_356628020_n,person  blue  child  toddler  human positions  male  boy  infant  play
1516060_618393521576419_1231866399_n,color  performance art  stage  musical theatre  art  fashion  spring
926954_1458779181006391_1450651578_n,action figure  toy  figurine
1170189_561673050570301_697240677_n,green  facial hair  glasses
10175127_835337363149478_859021303_n,color  blue  beauty  glasses  smile  cool  hairstyle  vision care  fashion  sunglasses
10349447_638965652865161_1194211874_n,image  red  screenshot
10375792_1479941055574033_676554843_n,advertising  poster  album cover  screenshot  brand  presentation
1688793_389797867830040_843770931_n,line  font  shape  line art
10375715_524724567633256_907562510_n,font  product  advertising  brand  driving  presentation
1941242_222130447988784_1484127023_n,muscle
10413963_291819490996116_1221769374_n,text  font  brand  screenshot  line  presentation
10261213_656806324400163_980761548_n,football player  player  gridiron football  american football
10431847_1425765974376780_1276913185_n,human action  food  hand  sense  meal
1208430_772278786131102_2137407047_n,mammal  deer
915482_280037648814551_191589736_n,human action  text  biology  writing  learning  brand  presentation  document
10013028_812994938730364_1433637713_n,player  football player  sport venue
1516664_1385208401701667_749759339_n,basketball moves  basketball player  player  football player  team sport  sports  basketball  gridiron football  slam dunk  tournament  american football  competition event
10004153_712577948783648_450915400_n,text  document
1597999_349620035177362_1662644676_n,clothing  cap  head  baseball cap  fashion accessory  hat  headgear  costume hat  costume accessory
929090_1437906709800476_1172458228_n,human action  face  mouth  muscle  spring break  interaction  abdomen  finger
927867_539645556142355_1088313401_n,poster  text  album cover  advertising  brand
1173202_558254804244402_520718396_n,brand  neck  t shirt  presentation
1391239_1379046189023164_2130379547_n,male  album cover  t shirt  brand  pattern  presentation
10401841_261324240718182_2124721994_n,clothing  product  arm  t shirt  finger  dress  hand  outerwear  selfie  neck
1390009_158421721034880_1489310557_n,person  army  people  troop  military  soldier  staff  military police  marching  militia
10387853_1427235870880850_136036556_n,hair  person  hairstyle  player  profession  official
1168602_422045547929123_1496720471_n,text  font  biology  advertising  brand  presentation
10299606_1411673109103794_197031437_n,face  facial expression  cheek  person  nose  photography  male  man  close up  smile  mouth  skin  head  blond  muscle  organ  finger  hand  sense  emotion
1742582_510326892417431_246240459_n,cat  mammal  vertebrate  whiskers  kitten  small to medium sized cats  cat like mammal  tabby cat  rabbit  european shorthair
10268894_1464797980422552_559277451_n,image  performance  performance art
1209506_664012906953961_1196335934_n,snow  weather  house  wall  winter  home  season  flower
1389931_359966800814463_196599967_n,crowd  black and white  performance  rock concert  people  audience  performing arts  musician  performance art  entertainment  stage  monochrome photography  musical theatre
1169804_566622560094684_1260255930_n,color  face  photograph  clothing  person  image  man  photography  head  skin  portrait  selfie  facial hair  glasses
10261153_240951582755650_790884642_n,text  font  handwriting  calligraphy
10354477_1490365421181918_427826762_n,human action  face  image  nose  head  mouth  sense  presentation  interaction  neck
1390121_540093622744795_1551076338_n,food  dessert
1922412_251626638349994_8136089_n,clothing  lady  thigh  black hair  leg  long hair  undergarment  finger  supermodel  photo shoot  tights  human body  model
925275_627867250630451_1817248782_n,font  product  web page  brand  shape  diagram  line  presentation
1599503_1451912825023329_1334289065_n,white  clothing  font
917515_449018091894067_1586721656_n,human action  black and white  image  person  monochrome photography  romance  interaction  monochrome  photo shoot
1922487_311681282290218_1889846484_n,product  brand  outerwear
917852_1425211041067020_1106864637_n,arctic  polar bear  tundra  arctic ocean
1169009_553832388027149_1574100823_n,text  font  brand  advertising  commemorative plaque
1889189_733288196688882_579910635_n,text  font  morning  brand  shape  emotion  writing  presentation
929370_255602564595533_1483682793_n,player  football player  ice hockey position  baseball positions  tackle  bandy  sports  twenty20  soccer  goalkeeper  touchdown
927794_450810841690611_929437672_n,player  basketball player  football player  soccer player  gridiron football  basketball moves  soccer  american football
1724920_221414021380788_1073291844_n,green  poster
10413005_1453124661597081_537570407_n,text  font  brand  shape  pattern  line  presentation
10424544_1423259237951378_2121487116_n,text  product  line  web page  font  brand  document  shape  diagram  presentation
10362181_697844043621325_400676773_n,hair  face  clothing  nose  cap  facial hair  head  mouth  hairstyle  moustache  hat  beard  glasses  headgear
1170305_742664985763642_779280513_n,advertising  brand  banner  presentation
1209529_494761977298104_2005744734_n,performance  concert  performing arts  rock concert  musician  entertainment  stage  music  event  audience  musical theatre  drums
10254323_706141302780073_1567081454_n,mouth  muscle  album cover  sense  emotion
10362316_685475998165533_1129160121_n,image  human positions  room  floor  child  flooring  dog like mammal
10449022_314046188759093_1247599806_n,font  product  fashion accessory  chain  jewellery  bead  bling bling  toy
915485_1394803584118766_870979886_n,clothing  font  head  brand  costume  skull  album cover  headgear
10261284_796620677022369_463282370_n,clothing  fashion accessory  art  pattern
1597797_529392307158400_2070255553_n,face  color  eyebrow  nose  hair  cheek  facial expression  human action  forehead  person  red  chin  eye  close up  photography  lip  facial hair  beauty  mouth  skin
1530865_439278699533374_1851456027_n,face  person  tattoo  arm  organ  human body  tattoo artist  chest
10251455_540174756091972_791923101_n,color  person  people  man
10254156_306392266192358_2106345687_n,text  line  font  shape
1171034_1424847277732253_1867387577_n,gadget  document  hand  technology  presentation
1741772_426363824164581_825136268_n,black  black and white  human positions  image  sitting  monochrome photography  photography  monochrome  arm  wing  physical fitness
10296691_684868781549900_352847144_n,sports  outdoor recreation  skateboarding  recreation  skating
1388904_170240083185551_1073212766_n,art  collage  illustration
10413830_393405674134501_267759771_n,football player  sports  player  basketball  basketball moves  soccer
1517338_1394926177426261_2128171971_n,player  football player  basketball moves  baseball positions
10354445_244896429035166_1212943456_n,person  people
1390133_683671921644577_1253399514_n,text  font  line  brand  shape
1739738_590028884400705_1968326133_n,performing arts  event  dance  sports  wedding reception
1169277_233501433475614_1400839813_n,musician  audience  fashion
1170182_228770783983070_1272053521_n,black  black and white  player  monochrome  monochrome photography
928440_608949389172658_22397143_n,college ice hockey  baseball player  ice hockey position  player  baseball positions  gridiron football  american football  sports  football equipment and supplies
1168630_679067788770546_1496488263_n,human action  red  person  nose  image  girl  pink  beauty  mouth  organ  interaction  emotion  tongue  hand  human body  selfie  finger  eye  lip  romance
10249383_619084981513461_1383936902_n,person  people  child  toddler
927498_415344435254893_861802436_n,cartoon  toy  teddy bear  illustration  drawing
917336_1469365303276299_324269228_n,person  singer
1389054_769817526368939_1408739950_n,color  hair  face  person  man  photography  facial hair  male  beauty  portrait  head  beard  model  photo shoot  singing  singer  portrait photography
1516929_221149084730704_1671855781_n,snow  winter  weather  tree  season  freezing
926732_664931636911596_2094760897_n,product  food  drink  produce
10413932_1508431136047256_556960860_n,nose  brand  advertising
1527520_710731372280191_1969201239_n,face  hair  nose  lip  head  hairstyle  eyelash  eye  organ  moustache  t shirt  brand  drawing  human body  sketch  cosmetics
10831674_1521295874806336_561331825_n,food  dish  meat  dessert  cuisine  produce  meal  fried food
10261319_853152694699041_1142793470_n,restaurant
10268973_298107130346841_1219852163_n,people  youth  day  endurance sports  sports  endurance  race
1723356_1415493278697266_612303142_n,black and white  musician  guitarist  music  bassist  monochrome photography  stage  album cover  drums  monochrome  drummer  pianist  electronic instrument
1517034_544489492314477_694405967_n,stage  screenshot  nightclub
1741361_1471404019750222_1413143806_n,hair  text  image  album cover  font  hairstyle  poster  emotion  presentation
1889243_1420976184807140_849395707_n,text  product  font  line  diagram  brand  shape  document  presentation
1516952_512940688812752_1016563392_n,mammal  vertebrate  nose  pig  head  snout  close up  pig like mammal  domestic pig
10349763_217539275122420_580018881_n,art  screenshot  anime
1516575_192523230943845_104785350_n,font  advertising  album cover  brand  presentation
915655_450046731783802_1709410123_n,text  font  biology  line  brand  shape  presentation
1515809_235269726665794_551615928_n,clothing  blue  footwear  tights  jeans  pattern  leg  thigh  fashion  dress  design  denim  shoe  model  abdomen  photo shoot
926647_240672476113113_1005899409_n,pink  gown  magenta  t shirt  brand  pattern  design  textile
10296803_610944168996116_299486584_n,face  tattoo  arm  head  muscle  tattoo artist  human body  chest
1971464_1387260791498862_527867759_n,speech  advertising
10472013_235720766627746_1005706319_n,text  web page  font  product  line  document  diagram  brand  shape  presentation
10251461_305849449539597_1827817390_n,hair  face  facial expression  blue  person  man  male  lady  beauty  smile  boy  hairstyle  head  portrait  facial hair  eye  model
927667_1424017041202944_1020015374_n,poster  advertising  brand  presentation  learning  writing
1922239_478667555589175_475264895_n,player  clothing  ice hockey position  football equipment and supplies  protective equipment in gridiron football
1662918_270883626410501_1283667271_n,text  font  web page  product  document  diagram  brand  line  screenshot  presentation
10354318_472089606255054_1389737676_n,product  furniture
10326575_1426451214281967_28381604_n,sports  boardsport  skateboarding  outdoor recreation  extreme sport  individual sports
10249312_621867231239450_736450550_n,food  product  sense  drink
1516776_725609460784438_1118887410_n,surfing  sports  water sport  wind wave  wave  surfboard  boardsport  surfing equipment and supplies  surface water sports  sea  ocean  extreme sport  skimboarding
926731_1441215809453970_1943134384_n,text  font  product  line  diagram  brand  shape  document  presentation
1169057_468230906631446_1783079612_n,person  nose  man  male  facial hair  selfie  beard
10401633_1423443597919281_1481766529_n,hair  man  hairstyle  facial hair
10004268_626986677392168_306772316_n,text  brand  advertising  presentation
925866_677635455607018_1468270950_n,text  line  font  shape  brand
1741049_466898896769580_292817235_n,poster  cartoon  font  brand  album cover  illustration  advertising
1742482_419009851535903_1544495904_n,text  web page  font  product  line  diagram  document  brand  shape  presentation
1390010_201800953336432_107854821_n,text  font  line  document  brand  shape  presentation
1389317_236667539830384_1848280851_n,font  advertising  logo  brand  label  trademark
10296616_319857364837697_1496431601_n,text  brand  presentation
10362064_250401605167865_2122499383_n,text  font  logo  product  line  diagram  brand  shape  presentation
1941243_1406565976268371_1914385969_n,hair  hairstyle  hair coloring  long hair  braid  brown hair  bun  chignon
916372_648919731818528_1493173782_n,product
915443_755006671199667_660119995_n,art
918246_884632554896009_1820029290_n,basketball moves  basketball player  football player  player  sports  wrestler  basketball  action figure  slam dunk
1517210_234262126752857_1565962808_n,human action  text  font  product  document  brand  screenshot  learning  presentation
1538518_614292745308725_329157061_n,sports
10467865_1520590144836104_1121235182_n,beauty  brand
1530776_697589966941037_1844324070_n,black and white  monochrome photography  hand  glasses  finger
1515614_190812351123792_921181989_n,tattoo  arm  pattern  design  tattoo artist  human body  chest
1516917_671605539556603_670303793_n,
1169090_467136323400313_768826558_n,text  font  gadget  screenshot  multimedia  brand  document  presentation
926925_196642147191293_1572197731_n,
914713_298775116950312_1131030424_n,text  font  line  product  brand  shape  diagram  document  presentation
1661064_502883226482395_826383138_n,priesthood  person  presbyter  bishop  clergy  abbot  pope  deacon  bishop  profession  statue  religion
10401680_1432223400372778_1887308874_n,crowd  people  community  athletics  race  tournament  long distance running  endurance sports  endurance  sports  running
1725687_597838123622653_78833884_n,poster  fiction
1527544_190021751198754_1129006524_n,face  image  black and white  nose  photography  darkness  organ  eye  emotion  hand  interaction  portrait  monochrome photography
1598862_1395767214008956_1603924480_n,sea  ocean  wind wave  wave  vacation  sports  water sport  surfboard  surfing  surfing equipment and supplies  coast  beach  boardsport
1170263_712702565408796_459290174_n,performance  music  stage  concert  singing  nightclub  singer songwriter
10296939_642813035811572_676498903_n,biology  organ  petal  flower  human body
1516284_1400715113538524_1798271237_n,image  person  photography  smile  selfie
10326505_739075779478697_864795274_n,photograph  image  person  red  people  fun  photography  selfie
916332_547039288711841_675604145_n,line  diagram  shape  drawing  line art  clip art
1515475_584343168323591_2106183629_n,eyewear  hair  glasses  vision care  face  black  beauty  hairstyle  sunglasses  head  brown hair  eye  black hair  fashion  cool  portrait  facial hair
10387894_1424824944451670_2038927578_n,red  boy  youth  day  child  t shirt
924539_1395108967404055_904500022_n,finger  nose  nail  mouth  leg  hand  skin  close up  organ  thumb  lip  sense  emotion  tooth  human body  interaction  ear
1516888_657333907663747_2060909991_n,photograph  black and white  clothing  mortarboard  portrait  monochrome photography
915504_1378825425718338_153951659_n,t shirt  clothing  sleeve  brand  illustration  album cover  cool  neck
1170305_241565479381287_1711539926_n,automotive exterior  glasses  product  vision care  eyewear  shape  line
10251325_1439072526338100_808540000_n,footwear  pink  shoe  spring  leg  human body
10011380_593315400765189_599622532_n,art
10311296_235898373269000_1986699803_n,hair  person  facial hair  muscle  beard
1171188_265729080245847_381335412_n,footwear  shoe  leather  leg  outdoor shoe  human body  textile
1391396_777751625572564_185783933_n,biology
10448932_757820537582754_836555134_n,footwear  spring  fashion
10424496_306032829565273_1078112053_n,human action  font  advertising  brand  driving  presentation
1169747_442909115808889_1499852806_n,basketball moves  sports  sport venue  muay thai
10254140_451153174987910_1577849509_n,font  clip art  circle  line  brand  shape  diagram  logo  artwork
10268757_649519738456095_1529998496_n,text  line  web page  font  document  diagram  brand  shape  presentation
1170027_614140175308821_2065590064_n,black and white  image  nose  mouth  organ  head  monochrome photography  jaw  tooth  eye  medical imaging  arm  monochrome  hand  sense  emotion  human body  chest  ear
1599321_592440350842719_1476616873_n,car  vehicle  land vehicle  van  automotive exterior  wheel  automobile make  compact sport utility vehicle  minivan  minibus  bumper  luxury vehicle  model car  compact car  rim  toyota
1515870_1391445037774547_444501278_n,dog  mammal  dog breed  nose  vertebrate  shiba inu  dog breed group  dog like mammal
1740021_233068016887527_886287076_n,automotive exterior  bumper  tire  technology
10311243_1513839552177693_1884050035_n,brand  presentation
1598854_594101357335368_2143135521_n,color  hair  clothing  image  lady  girl  beauty  hairstyle  black hair  arm  fashion  dress  organ  glasses  leg  hand  human body  model  pattern
10354373_675784145823181_853316035_n,
1963149_1477460302482190_535706323_n,color  blue  art  graffiti  fashion  spring  cool
916468_270012299847703_1610296576_n,cat  white  mammal  vertebrate  whiskers  nose  kitten  small to medium sized cats  cat like mammal  skin
1388831_244195952404474_1768792324_n,performance  performance art  stage  musical theatre  singing
1516293_196462497226455_1986406524_n,player  advertising  brand
1516631_483822258393238_570173286_n,structure  sports  golf  sport venue  outdoor recreation  recreation  golf club  golf course
1169984_368345733311473_1099715394_n,text  font  line  document  brand  shape  presentation
1391232_170406733168919_1255806254_n,clip art  font  illustration  christmas tree
1739822_1463450607208052_1565487652_n,color  face  nose  red  beauty  skin  organ  lip  sense  emotion  eye  human body  love  glasses
10009793_642772679124511_1454320115_n,clothing  black  jacket  outerwear  pattern  design  cap  mesh  leather
927504_1421997651350763_1405165878_n,product  arm  hand  human body
1168633_341409015996245_261642503_n,player  baseball positions  basketball moves  sports  gridiron football  sport venue  american football  stadium  touchdown
10310999_225430747652279_3437117_n,clothing  hairstyle  fashion accessory  organ  dress  ear  jewellery  lip  neck  human body  heart  pattern
1530873_1408032819441224_1407390494_n,handbag  footwear  zipper  fashion accessory  leather  textile  brand  hand  pattern  material
10311317_771710659515601_519723430_n,color  blue  atmospheric phenomenon  photography  light  sunlight  atmosphere of earth  morning  reflection  shape
1799842_662247697154774_1850247866_n,art  collage  poster  comic book  brand  comics  album cover  photomontage
10175223_547396998710246_359727440_n,text  font  product  web page  screenshot  multimedia  diagram  brand  document  presentation
1169216_182638351931105_243684330_n,photograph  social group  people  image
926447_774134682596832_177941147_n,toy  action figure  comics  figurine
1390312_1429771237241166_1105988704_n,person
928242_661258293947406_1342041069_n,blue  clothing  footwear  art  t shirt  glasses  spring  brand  pattern  design  handbag  textile  shoe
1740175_595815060488573_1883988387_n,advertising  brand  label  signage  display device
926599_628403380543792_2037184323_n,structure  transport  stadium  sport venue  display device  arena  vehicle  public transport  scoreboard  signage
1516381_218249101695805_606472170_n,
916026_1388963818053686_1370928636_n,tattoo  font  arm  calligraphy  human body  chest
1390223_207732196076766_2079822393_n,hair  face  blond  nose  eyebrow  hairstyle  chin  head  hair coloring  facial hair  costume
10299604_561688403948941_1528207167_n,advertising  banner  signage  display device  electronic signage  sign  flat panel display
1169999_212895605548088_2126975611_n,album cover  cool
1170284_1430927653803180_604619727_n,team  brand  presentation
928189_1418155065109687_113271547_n,planet  earth  atmosphere  astronomical object  biology  world  universe  space
10009235_458604780937486_1745074363_n,human action  photograph  image  person  male  selfie  finger  child  hand  shape  leg  glasses  facial hair  interaction
10358260_305363032972294_1818676670_n,sports  water sport  boating  wind wave  boardsport  vehicle  extreme sport  wakeboarding  powerboating  wave  surfing equipment and supplies  kitesurfing
10326423_1447404218834863_738072752_n,human action  face  person  nose  man  hairstyle  facial hair
1391203_452297161545862_999106806_n,footwear  blue  black  clothing  shoe  sneakers  personal protective equipment  helmet  sports equipment  football equipment and supplies
1389420_204710286382684_369696091_n,hair  person  hairstyle
1170256_645785642165546_569827790_n,poster  advertising  presentation
926028_539055156189964_526864379_n,clothing  protective equipment in gridiron football  football equipment and supplies  football helmet  cap  ball  sports equipment  protective gear in sports
10175257_264887690360940_1981763947_n,hair  facial expression  face  person  nose  woman  glasses  lady  blond  girl  hairstyle  smile  vision care  mouth  head  organ  eye  portrait  emotion  human body
914217_467189736734469_27644095_n,human action  brand  learning  presentation
1516817_618472048219721_322087864_n,people  person  image  fun  man  t shirt  male  art
10268827_243792029158171_1455495907_n,player  ice hockey position  hockey  team sport  sports  stick and ball games  team  ice hockey  goaltender  goalkeeper
10375812_728025993928677_1644596533_n,photograph  image  art  album cover
10362329_858382610843187_2044141960_n,night  reflection  urban area  house  tree  light  architecture  darkness  sunlight  lighting  flower
1389958_417825551672972_313801027_n,cartoon  font  brand  illustration  logo  advertising
925852_695131217200397_1991693031_n,car  motor vehicle  vehicle  land vehicle  automotive design  automotive exterior  wheel  automobile make  pickup truck  bumper  model car  chevrolet silverado  muscle car  rim  stock car racing  truck
891365_895062837186615_1476257321_n,hair  face  hairstyle  nose  black hair  beauty  facial hair  close up  singer  fashion  model  beard  photo shoot  portrait  singing
1172160_342114185930935_586895237_n,guitarist  guitar  slide guitar  plucked string instruments  bass guitar  musician  bassist  musical instrument  string instrument  string instrument  acoustic guitar
1799552_407694399367516_1968350275_n,color  image  picture frame  display device  interior design  advertising  design  brand  window covering
10362093_287677201395757_612932460_n,text  font  product  line  brand  shape  diagram  document  presentation
1799641_552311341542907_461158312_n,clothing  undergarment  thigh  blond  muscle  mouth  active undergarment  finger  leg  hand  abdomen  thumb
925098_671697269531377_1603487410_n,text  newspaper  art
1741466_528188060628397_565152225_n,ski  ski equipment  winter  snowboard  footwear  season  nordic skiing  winter sport  snow  sports equipment  skiing  snowboarding  sports
10299718_641537442588391_1990250775_n,human action  nose  person  eating  mouth  organ  lip  facial hair  drink  singing  selfie  sense  emotion  glasses
928077_637215862984295_236499303_n,hair  person  woman  lady  photography  girl  beauty  brown hair  blond  portrait  model  fashion  photo shoot  sense  hand  portrait photography
1742684_441239732646343_1447446357_n,photograph  people  image  human positions  sitting  photography  man  ceremony  family  portrait photography  portrait
925202_588505277907813_12263349_n,album cover  brand
1172168_179182352275917_1092348582_n,person  people  smile
10358248_366454920153339_1904969355_n,text  logo  font  computer wallpaper  brand  screenshot  circle  line
916336_231097430389282_1585508299_n,white  blue  entertainment  darkness  guitarist  singing
1971328_1447769978791188_871568622_n,advertising  poster  banner  brand  presentation
927902_1436954723212527_167666611_n,text  font  calligraphy  line  brand  shape
1389481_247257475461413_1931663605_n,product  advertising  brand  banner  presentation
923965_1472228886346474_353167856_n,player  football player  gridiron football  american football  tackle  sports  basketball moves
928238_744037132296380_1758357966_n,car  vehicle  land vehicle  structure  sports car  supercar  race track  automotive design  automobile make  sport venue  auto racing  racing  performance car  motorsport  nissan gt r  race car  race  sports
1663109_1425054134416807_828335784_n,people  person  fun  green  grass  child  family  lawn  spring  flower
10268933_385180191621687_584547157_n,head  glasses
10453678_1505719929641109_1514091697_n,golfer  outdoor recreation  golf  recreation  professional golfer  fourball
10251381_680280408703781_195309302_n,clothing  swimming pool  vacation  swimwear  sea
1516957_1500682783489509_585388837_n,text  font  product  line  diagram  brand  shape  document  presentation
929314_241142932741643_176525545_n,play  games  toy  indoor games and sports
1389035_538217469597357_938059794_n,face  hair  person  man  male  head  muscle  hairstyle  facial hair
1169719_629936103736321_103435699_n,font  product  organ  brand  label  presentation
1738761_286276898186979_39533491_n,cartoon  font  brand  line  drawing  illustration  sketch
1597842_590546967697044_1120211869_n,ice hockey  college ice hockey  hockey  ice hockey position  player  sports  defenseman  stick and ball games  team sport  ball game  goaltender  roller in line hockey  bandy
927917_703330996385076_450225860_n,cartoon  organ  finger  hand  tooth  human body  ear
1389560_375895295876268_1754961159_n,text  font  advertising  brand  presentation
1515360_793803670646195_690784048_n,clothing
1171797_227296530777640_407716301_n,person  team  profession  hapkido
1169071_640410186011311_1403981778_n,text  font  commemorative plaque  book  advertising  label
10369273_1455400798032692_1937045840_n,text  font  product  line  brand  diagram  shape  document  presentation
924269_216856068502964_840493121_n,web page  product  font  diagram  line  brand  document  screenshot  presentation
928402_429758047125912_2027127175_n,structure  sports  team sport  football player  sport venue  baseball field  stadium  baseball positions
10175148_629477240470702_230800363_n,human action  image  person  lady  girl  muscle  arm  thigh  leg  photo shoot  model  abdomen  human body  trunk
1941065_246728092166343_627541572_n,photograph  clothing  image  person  fun  lady  girl  man  muscle  singing  model  glasses  photo shoot
1209537_1417178305178724_309143058_n,cycling  road bicycle racing  sports  road cycling  bicycle  bicycle racing  cycle sport  vehicle  outdoor recreation  endurance sports  recreation  race  racing  duathlon  sports equipment
1515881_592494667489793_1990372805_n,text  font  atmosphere  universe  astronomical object
10268958_285776668264551_1492905036_n,footwear  boot  shoe  leg  fur  cowboy boot  outdoor shoe  human body
927214_591680744257506_481623248_n,
10326390_236285616570052_1231434406_n,dress
1527659_446956305426213_1887747987_n,web page  font  product  line  brand  document  diagram  screenshot  multimedia  presentation
914556_621442181243778_1311712212_n,sports  wrestling  professional wrestling  entertainment  contact sport  wrestler  combat sport  puroresu  individual sports
1389512_225265077633872_1925199522_n,human action  human positions  person  sitting  play  furniture  leg  human body  interaction  abdomen
1168457_269414066539257_745844524_n,tattoo  face  person  arm  muscle  mouth  organ  hand  tattoo artist  sense  human body  chest
1963092_1471085149779278_1445672666_n,text  person  biology  brand  learning  presentation
1922339_1429072077344524_1781430108_n,text  font  product  line  brand  shape  diagram  presentation  document
1963059_451381504990051_1449954342_n,human action  photograph  person  black and white  image  people  photography  monochrome photography  selfie  interaction
10349788_265266966990924_1184429503_n,hair  face  facial expression  nose  person  facial hair  man  beard  close up  hairstyle  head  portrait  singer
1689111_414324155368738_1637080500_n,costume  vehicle
1169348_553022251457598_1452935462_n,facial expression  person  face  clothing  blue  image  nose  male  photography  smile  man  boy  head  portrait  hairstyle  child  organ  cap  emotion  hat
1390017_693066050717390_258546247_n,car  vehicle  pickup truck  automotive exterior  automobile make  truck  compact sport utility vehicle  bumper  ford  truck bed part
1516097_1377128242547118_164994120_n,human action  brand  album cover  presentation
10784990_735505156526908_1216230415_n,hair  clothing  hairstyle  arm  muscle  long hair  abdomen  leg  thigh  finger  photo shoot  human body  selfie  neck  trunk
10401605_1433167996942840_2011914061_n,green  art  net  circle  shape  sphere
10005197_223442594530863_1727166855_n,person
1799605_568181639964606_1559005530_n,human action  text  brand  presentation
1530803_1431226893775219_310448511_n,player  football player  ice hockey position  gridiron football  hockey protective equipment  baseball positions  football equipment and supplies  protective equipment in gridiron football  american football  basketball moves  ball  goaltender mask  tackle  football helmet  goalkeeper  soccer
10246076_731124613577424_844274540_n,font  line
10246084_706679889370553_233749621_n,protective equipment in gridiron football  clothing  football equipment and supplies  hockey protective equipment  football helmet  helmet  personal protective equipment  goaltender mask  sports equipment  protective gear in sports  face mask  headgear
10424393_620872781331435_85204874_n,hair  face  person  nose  image  man  hairstyle  head  facial hair  organ  eye  selfie
1171914_780164315333604_808138638_n,image  art  tourist attraction  art exhibition
1515817_191864854344682_480620274_n,text  font  advertising  brand  signage  banner
927819_459296564193350_620543058_n,clothing  fashion  gentleman  flooring
10354553_638205909592036_362027662_n,face  tattoo  person  arm  head  muscle  tattoo artist  human body  chest
10261102_223051481238365_753920711_n,black  white  black and white  sports  monochrome  monochrome photography  choreography
927912_726428444068073_96512885_n,human action  person  singing  music  singer  singer songwriter
10413215_686445864736846_1669388715_n,
926775_1439539856299800_217371327_n,muscle  leg  spandex
10362309_1480127428885196_375263365_n,player  brand  football equipment and supplies
1725550_622985647769018_1103151322_n,ball
1739272_514061352045639_554450304_n,clothing  jersey  football player  font  gridiron football  american football  sports uniform  player  product  sportswear  sleeve  ball  brand  football equipment and supplies  sports fan jersey  t shirt  illustration
10009865_1432097620370867_1447766755_n,lighting  furniture
10261295_462428553890230_654844431_n,person
1389990_604796869582434_1727746388_n,football player  player  speech
917511_1485842594964490_737412660_n,tattoo  arm  chest  tattoo artist
1389879_462207157223131_1838929178_n,text  font  brand  line  presentation
10413911_777097508982196_50956296_n,hair  face  nose  blond  hairstyle  head  brown hair  mouth  long hair  organ  toy  eye  doll  lip  finger
1389328_223224067850492_2066491961_n,text  product  advertising  brand  document  label  presentation  writing
10358197_1512726538948563_540437260_n,person  human positions  sitting  professional  profession
927793_485066571608497_158568218_n,canadian football  gridiron football  american football  football player  tackle  structure  player  arena football  soccer  sports  sport venue  stadium  touchdown  ball  kick
1516427_595067573914792_2145540335_n,text  font  product  line  diagram  brand  shape  document  presentation
1741073_256412461194429_2081773371_n,black  white  black and white  photograph  person  image  human positions  photography  monochrome photography  sitting  monochrome  beauty  photo shoot  sea  model
1172124_544560735627488_1369742688_n,text  font  product  line  brand  shape  presentation
926603_1398822133695624_1219098961_n,person  man  male
916326_1390617547843142_1976350467_n,gridiron football  football player  baseball positions  player  ice hockey position  american football  basketball moves  soccer  catcher  tackle  sports
1597038_1458893954329648_299728529_n,footwear  shoe  product  leg  leather  outdoor shoe
1737880_1411643725758069_1446261865_n,hair  face  facial expression  nose  person  man  chin  facial hair  male  hairstyle  head  skin  mouth  beard  portrait  sense  hand  moustache
10369331_228214020721093_14310904_n,face  tattoo  head  arm  sketch  drawing  tattoo artist  illustration  skull  chest
1170334_759090004107892_1167891856_n,
10369548_779866118720506_809570235_n,text  handwriting  font  biology  writing  book  document  presentation  religion
925082_1425490174346279_927147822_n,font  multimedia  screenshot  games  brand  gadget  presentation
1172843_227510324084064_1080982760_n,text  advertising  product  presentation
1599964_515865498526895_34919326_n,face  tattoo  arm  head  facial hair  tattoo artist  human body  chest  drawing
1598944_578017608959938_390168156_n,muscle
1515223_1434974610067642_1209618381_n,color  text  red  yellow  orange  font  lip  modern art  brand  material
10471856_308980365932988_795846006_n,sports  physical fitness  dance
1799685_247326618777675_1301890707_n,text  font  product  line  diagram  document  brand  shape  presentation
1169860_255621764603641_591056548_n,human action  glasses  photograph  person  image  vision care  nose  photography  smile  selfie  eyewear  portrait  interaction
10358313_240086316192215_2061454183_n,muscle  sculpture  arm  statue
927616_1426406847617659_851245365_n,social group  team  meal
927059_263910000461565_338409661_n,text  blue  yellow  shape  label  number
916350_185868138286336_29105572_n,text  font  line  shape  brand
10475012_480489128763709_2033548985_n,red
10362158_237498379778747_1617289880_n,poster  album cover  advertising  brand  gentleman  illustration
10375620_616873278402165_551963924_n,clothing  footwear  arm  muscle  t shirt  brand  outerwear
1737638_736830146336393_545959579_n,clothing  dress  footwear  fashion  spring  cocktail dress  pattern  outerwear  photo shoot  fashion design
1389579_214509792062511_1753619105_n,player  team  cycling  bicycle racing  racing  sports  official
927611_533076650142552_1936080833_n,sense  sketch  drawing
10299792_1474774069406225_887927026_n,eyewear  clothing  glasses  vision care  hairstyle  sunglasses  fashion  outerwear
1170124_688112604556371_938987918_n,advertising
1168713_284779705023881_1912072968_n,car  vehicle  land vehicle  sports car  automotive design  automotive exterior  wheel  supercar  automobile make  bumper  screenshot
10261190_1426354220949771_1706235592_n,black and white  man  male  barechestedness  muscle  monochrome photography  arm  monochrome  figure drawing  bodybuilding  art model  chest  drawing
1168574_1412087235741016_866735469_n,roof  outdoor structure  driveway
916360_481186348657102_1031241883_n,face  poster  head  portrait  album cover  drawing
928438_797324620293171_519890779_n,advertising  display device  signage  stage  presentation  flat panel display  electronic signage
10387931_807306339289369_1695456144_n,person  people
10299645_722833761107807_2057059087_n,social group  crowd  people  team
1172662_354617631351185_1310432322_n,eyebrow  hair  face  nose  person  photography  beauty  brown hair  supermodel  head  lip  hairstyle  long hair  singer  model  eye  black hair  photo shoot  hand  selfie
1689403_465310186927882_218734848_n,gridiron football  player  football player  american football  tackle  basketball moves  soccer  sports  touchdown  rugby league  stadium  sprint
1171267_1439244572954552_375198198_n,selfie
1170432_1477041792508729_1994710723_n,human action  dish  eating  food  day  cuisine  sense
924209_187848484749062_931196318_n,human action  text  person  font  biology  learning  writing  brand  advertising  plan  presentation
1209515_231813363652319_1876771321_n,people  person  text  product  family  child  brand  presentation  father
1530824_1476800475879640_1485206184_n,black  lady  leg  dress  fashion  model  photo shoot
1517056_567818586634470_602615135_n,professional boxing  sports  shoot boxing  punch  wrestler  muscle  professional wrestling  combat sport  sanshou  contact sport  boxing
1515997_251413941696713_430489041_n,selfie  brand
10326384_493193907479044_1268261495_n,color  hair  face  human action  nose  person  photography  man  male  mouth  close up  head  hairstyle  eye  organ  selfie  facial hair  interaction  emotion  hand
10349609_1493151417565814_1430987634_n,comics  screenshot
10311054_797200566970277_1743876922_n,photograph  people  nightclub
923926_1442251315998802_1986459498_n,hair  face  clothing  blond  lady  beauty  hairstyle  head  costume  long hair  wig  fashion accessory
1738937_662351813803508_2141708601_n,clothing  dress  footwear  tights  thigh  photo shoot  pattern  abdomen
10268937_1450527935191994_1395259691_n,person  clothing
10387930_447228468747525_1831738573_n,art  album cover  selfie  modern art
10431992_505298762905689_649626357_n,clothing  lady  girl  blond  fashion  leg  model  interaction  photo shoot  hug
10296826_1418690431732803_1039884342_n,sketch  drawing  album cover  illustration  pattern
914269_1415529415353057_1157377955_n,laptop  display device  computer hardware  technology  electronic device  computer monitor  personal computer  computer program  multimedia  gadget  netbook
10261238_476279642506419_1720356770_n,crowd  performance  audience  nightclub
925477_276287522542764_1410875033_n,performance  stage  album cover  illustration
918148_581601745244755_1881396480_n,white  black  clothing  red  art
1738572_272190972930671_627796064_n,flag  flag of the united states  brand  automotive exterior  banner  advertising
1388952_694623237217259_1927355074_n,sports  professional wrestling  wrestling  wrestler  human body  contact sport  abdomen
10401673_1456543054588260_1288725979_n,hair  face  nose  blue  hairstyle  head  black hair  singer  ear  eye
1599968_628577570540192_818934640_n,advertising  signage  banner  sign  street sign
1741936_294384467377490_507501808_n,gridiron football  football player  player  american football  tackle  sports  soccer  touchdown
1168682_448014848631385_2132844281_n,wall  floor  wood  outdoor structure
1799813_453312941462996_677177533_n,
1741921_1454307488116617_314282585_n,automotive exterior  bicycle part
1170112_1413932375506731_346299383_n,public transport
1724571_1446555082245222_1566548740_n,nightclub  club  disco  singing  bachelorette party
1515744_1441973632698162_2044927225_n,brand
10354357_586116428154163_1121024409_n,footwear  leather  shoe  leg  boot
927620_746147362096246_10331431_n,team  football player  player  american football  sports  gridiron football  soccer  stadium
10296896_240030429519012_1457263930_n,tattoo  face  arm  hand  human body  chest
926190_770483969648527_2141411590_n,image  person  screenshot
10369275_512820032155252_1234465044_n,red  leaf  flower  food  produce
10362232_261145567403690_452956338_n,circle  fashion accessory  shape  ear  eye  dishware
10261258_503108966482635_535599442_n,clothing  image  lady  beauty  thigh  leg  finger  hand  human body  undergarment
10004246_637406336332049_724675277_n,person  image  facial hair
10358195_238282763035167_1022552512_n,sports  shoot boxing  professional wrestling  professional boxing  wrestling  collegiate wrestling  contact sport  wrestler  combat sport  muay thai  puroresu  individual sports  sanshou
1391369_187730748100056_323006126_n,baseball player  player  team sport  ball game  sports  football player
1168658_189280991261546_1910732921_n,cartoon  clip art  illustration
1173058_542327529184482_1388920668_n,comic book  poster  album cover  muscle  action film  comics
1391414_315914415217806_365062271_n,blue  font  product  art  design  brand  pattern  modern art
1742613_597151270373827_413250150_n,muscle  sports  wrestler  physical fitness  bodybuilding  weight training  muay thai  powerlifting
10249201_267969613385688_368024144_n,hair  clothing  black hair  finger  hairstyle  blond  long hair  thigh  muscle  brown hair  leg  swimwear  jungle  undergarment  hand  photo shoot  model  abdomen  human body  art model
918181_1468716900012077_1624801973_n,human action  person  eating  food  sense  meal
1516666_1428772627355900_352412219_n,text  font  product  diagram  line  brand  shape  document  presentation
10296980_381887021949331_1032330804_n,gridiron football  american football  sports  player  soccer  tackle  championship
1208285_448250808631736_356494614_n,gridiron football  american football  player  sports  soccer  tackle
10413800_1492311227665111_1709690878_n,clothing
10175113_1483547715190740_1968771732_n,text  font  organ  brand  sense  emotion  human body  presentation
1170621_182906268579172_557019860_n,gridiron football  player  baseball positions  football player  american football  ice hockey position  soccer  sports  football equipment and supplies  catcher  protective equipment in gridiron football  tackle
10296579_564726243647838_1064297392_n,product  headstone  material
927519_235084723329949_1846849466_n,gridiron football  player  american football  football player  tackle  arena football  touchdown  football equipment and supplies  sports  protective equipment in gridiron football  soccer
928548_732242380161496_1239756153_n,baseball positions  sports  player  team sport  tennis player  bat and ball games  baseball  catcher  pitcher
1516934_503049906475446_279407898_n,text  black  font  product  logo  screenshot  brand  line  design  presentation
925189_606710692749052_1232177966_n,asphalt  road  lane  sidewalk  walkway  road surface  city  public space  driveway  floor  flooring  roof  infrastructure  cobblestone  material  outdoor structure
926756_308907372600575_1065786741_n,sign  vehicle  signage  advertising  banner
10431856_1420754124873338_1636565032_n,human action  person  image  beauty  girl  leg  finger  model  photo shoot  hand  selfie  romance
1661257_604046093003829_1015150885_n,footwear  shoe  sneakers  blue  purple  electric blue  cobalt blue  violet  magenta  pattern
1527735_755722507790406_992696607_n,sports  ball game  baseball positions  ice hockey position  football equipment and supplies  gridiron football  american football  catcher
927205_230866147078426_2082952414_n,food  meal  dish  breakfast  dessert  restaurant  cuisine  brunch  sweetness  baking
1527608_624571874270130_994192462_n,toy
1922272_535776546529969_702026923_n,photograph  black and white  person  people  man  photography  male  monochrome photography  monochrome  glasses  gentleman  eyewear  interaction
1742524_357113034431656_290476572_n,text  font  line  handwriting  shape  document
10387760_874192385940992_1690643219_n,dog  dog breed  mammal  chihuahua  dog like mammal  brand
1690453_242757102564093_1671841496_n,clothing  performance art  muscle  sports  leg  dance
914712_648892831848232_634145533_n,hair  person  man  male  facial hair  arm  hairstyle  glasses  muscle  eyewear  moustache  tattoo  hand  beard  vision care  cool  selfie  chest
1173098_592617787459650_1299045586_n,wheelchair
10296696_226207460923510_1775451388_n,eyebrow  face  hair  cheek  nose  person  eye  forehead  beauty  photography  girl  close up  blond  skin  head  hairstyle  portrait  brown hair  lip  organ
924814_579300572153557_909829329_n,hair  man  hairstyle  male  portrait  darkness  facial hair
10251391_1483248655239000_1029076843_n,waterfall  water feature  jungle  rainforest
1963166_200922550118032_1763015695_n,text  advertising  brand  presentation  album cover
925463_775290109149195_300774087_n,human action  text  nose  arm  advertising  brand  learning  sense  human body  presentation
1170359_213559365492371_685563935_n,hair  face  facial expression  person  nose  man  facial hair  smile  skin  head  hairstyle  glasses  eye  beard
1389368_171703779702148_1397322068_n,room  restaurant  lighting  furniture  table  interior design  meal
1515358_258807890941690_1881060852_n,basketball moves  player  team  cheering  stadium
10326412_714404021957266_997161532_n,hair  clothing  hairstyle  brown  hair coloring  long hair  fashion accessory  brown hair  wig  hair accessory  costume
929111_296163480552490_865824741_n,nose  head  hairstyle
1389580_500710470036445_404500309_n,facial expression  face  hair  person  cheek  nose  red  smile  male  mouth  head  skin  hairstyle  organ  facial hair  portrait  tooth  laughter  emotion  eye
1725197_586567541434358_1357638686_n,tattoo  arm  tattoo artist  human body  chest  trunk
1168689_540722249351999_1874898572_n,serpent  reptile  illustration
1171804_556131281128183_1023883575_n,barechestedness  swimmer  muscle  swimming  water sport
1517252_234069010107758_1038001217_n,face  nose  font  icon  brand
1209587_390410024426243_533768820_n,performance  performing arts  concert  rock concert  entertainment  stage  event  musical theatre
10401815_291304304372469_1539697917_n,structure  sports  racing  race track  sport venue  auto racing  motorsport  stadium  formula one  race  race of champions
1742661_354413388031364_82946445_n,photography  brown hair  supermodel  glasses  photo shoot
1171268_191581087710440_1167749266_n,art  market  christmas  bazaar
1799783_593345040750437_48891487_n,cartoon  comics  illustration
1515526_803587056333580_1675283349_n,advertising  poster  album cover  brand  banner
1389151_588664154515001_458210409_n,clothing  leather  jacket  outerwear  textile  material
1515078_332184836923174_869485423_n,image  red  arm  cool  album cover
927298_1505575556321485_1342108409_n,clothing  swimwear  beauty  girl  sea  muscle  vacation  leg  photo shoot  sun tanning  model  beach  human body  maillot  abdomen
10413925_615476561893498_48433433_n,advertising  brand  presentation
917863_698711060167067_363993432_n,red  text  font  flag  pattern  brand  line  circle  design  shape  number  symbol
10424389_312009842292218_848417291_n,black  photograph  black and white  album cover  monochrome photography
10424390_297455623763534_2107499566_n,person  photography  beauty  smile  selfie  glasses  model  photo shoot
927798_681970191837615_2120356802_n,sports
10249245_1451818288388788_963100668_n,performance  musician  music  entertainment  disc jockey  concert  guitarist  nightclub  singing
1173238_329894500483852_1963817957_n,car  vehicle  automotive exterior  automobile make  screenshot  luxury vehicle  model car  driving  pc game
1389760_1428026894079242_537781426_n,snowboard  sports equipment  extreme sport  surfing equipment and supplies  advertising  surfboard
