temp/136872114_1952771.jpg,"product @ 0.72988504, gadget @ 0.61568373, multimedia @ 0.60580343, shape @ 0.58218908, ","Please
ering
No
Smoking
Spitting
Radio Playing
, Please, ering, No, Smoking, Spitting, Radio, Playing, "
temp/134897074747121245_3560678.jpg,"light @ 0.82456625, darkness @ 0.81655616, night @ 0.74467683, sunlight @ 0.72788846, astronomical object @ 0.65624535, circle @ 0.64710343, shape @ 0.58395779, lens flare @ 0.56228989, ",
temp/138303990054401972_16173468.jpg,"dog @ 0.99360406, german spitz klein @ 0.9582215, mammal @ 0.94967967, pomeranian @ 0.94015652, vertebrate @ 0.93880671, german spitz mittel @ 0.93425095, dog breed @ 0.91019416, german spitz @ 0.85560608, dog like mammal @ 0.849012, dog breed group @ 0.80090868, volpino italiano @ 0.73348188, carnivoran @ 0.52070534, japanese spitz @ 0.50235218, ",
temp/137748033197530119_3014054.jpg,"poster @ 0.93202323, black and white @ 0.92068845, advertising @ 0.85890043, album cover @ 0.739858, monochrome photography @ 0.69042891, monochrome @ 0.65597427, brand @ 0.59691668, illustration @ 0.54365116, ","oarsHe
Brand
THIS ESTABLISHMENT IS
APPROVED
MLA Aand
, oarsHe, Brand, THIS, ESTABLISHMENT, IS, APPROVED, MLA, Aand, "
